"gene","A5","A9","A17","A21","A29","A33"
"Solyc01g006400",0.366243898609536,0.912174817225268,0.654052483608679,0.380871240585986,0.576278425361233,0.391653456531168
"Solyc01g006880",36.7253436982315,42.801113848643,49.5854832852147,57.3687594878275,27.0309278304282,49.2046425189506
"Solyc01g007070",3.80421171967162,2.74759091278991,6.21304924524791,2.65675342465459,2.40064124077522,1.22938397013711
"Solyc01g007350",93.4463832936954,227.326995521354,15.523735478304,94.9185541717504,71.1946609969168,158.470829193953
"Solyc01g007570",0,0,0,0,0,0
"Solyc01g010000",10.6926738502751,5.69775575907085,5.58450069663557,5.17022319940855,7.78357750226597,3.23618451115985
"Solyc01g015000",2.1894197172485,3.89501082668987,3.90995019757282,4.58329467184465,0.782957720438217,4.75105317450088
"Solyc01g016410",1.75104482665114,3.27089202188999,2.42348963941868,5.00769350546405,1.48359005798586,4.11287882126905
"Solyc01g057760",33.4208494876439,31.6623968978937,42.4915610566731,45.6832297897247,20.9157702951845,28.9712558154554
"Solyc01g065490",8.91091326533244,13.950331663793,17.8867208201479,14.2973554400963,9.4912518772401,14.8926870627809
"Solyc01g066940",2.01670334178022,4.0207495806498,2.17332296696255,3.82257034487593,1.68342055559212,5.86961786344084
"Solyc01g067040",5.74633250707593,4.17866789732343,6.62911658312803,3.27144204432424,3.47759791657124,2.91551384012542
"Solyc01g067290",1.21848980645603,1.41372509652584,0.851488475862195,0.826405322390862,0.673289704487054,0.323733454119224
"Solyc01g067720",6.98922418266478,15.5424195548113,8.49159814260419,12.7238949551013,8.59823747123212,23.980223607481
"Solyc01g067930",12.6622831677327,17.508137501522,18.5268186698022,11.5476092394379,17.1090465682627,22.5041202432988
"Solyc01g068060",15.8433233278328,32.9553679725759,16.8673492071128,35.396427926709,19.7663436481006,40.7271968835612
"Solyc01g068600",2.12970827041445,5.27135062078503,2.8938267766621,6.05277736747394,1.68113329940246,3.3596142969601
"Solyc01g073640",0.576029284259356,5.06689271259718,0.857246098914606,7.79696613281596,1.04581395334728,1.83331398228674
"Solyc01g073680",87.7231589386442,123.125390064524,29.5049956460644,79.2837232507926,68.7031478871636,120.770984061067
"Solyc01g080020",6.52884203070035,21.9289478614509,5.31671283763372,7.0223823033259,9.9253175461145,17.7337851572992
"Solyc01g088530",4.51238349429708,7.72352285479187,7.02056576406443,11.5283637223046,5.25477834944311,9.97467980504906
"Solyc01g088590",3.19900546877275,2.0024167431181,0.634767486873625,0.616068501810156,3.01154337917993,0.181002571009636
"Solyc01g090180",0.154606770991975,0.962667252661513,0.207077052206051,0.459375942754993,0.140348696501839,0.295237859700381
"Solyc01g094010",13.9706263352893,28.2641497101303,20.8297506330164,23.6029356674223,12.5445970177634,124.259196933549
"Solyc01g094700",71.4225349703395,98.313158094325,130.132166177553,128.632794724558,83.7613839456377,221.974723100443
"Solyc01g096230",8.6530243686584,19.9214676502509,17.5188011025118,18.6640503042768,10.8654235479758,43.0857399211506
"Solyc01g096450",2.96511869693062,2.17698043593194,5.08509545032399,1.74803967167128,2.05079686468543,0.754960723666986
"Solyc01g101240",6.94547123130171,32.7394582198438,18.0145933118444,33.9734370265315,14.4113124101855,15.7894124357234
"Solyc01g103140",12.1917524406812,9.94093475174697,10.3639308092052,11.0686857533134,7.7322815770613,12.9458867238956
"Solyc01g103590",0.80518271093174,23.2770238010208,0.503274222028191,4.42594392483272,1.12075553293497,8.97947253741281
"Solyc01g103850",21.7939042291246,35.8844324190007,26.7355904645005,30.9014266562256,17.6793520537472,30.8148432233904
"Solyc01g104910",1.03091969523894,7.55005619117581,1.90242470282725,11.1548764752064,1.83010020061346,4.29165565528323
"Solyc01g104950",1.26768349429432,2.0578956687821,0.141492380661625,1.95392857049982,0.383591923474767,0.859375023016266
"Solyc01g105030",0.21494112064738,0.0637305846709712,0.57577521832902,0.319322301671154,0.390237839053893,0.0820905268435207
"Solyc01g105050",0.31816370052877,0.212256765192674,0.142047252742651,0,0.722055385364268,0.121513397344471
"Solyc01g107210",9.1410382030413,11.2057791600547,9.67118921727701,17.8596377852467,8.22830617597524,13.8766053577444
"Solyc01g108780",0.599917822651959,0.228699190665346,0.994830935581451,0.318305010636319,0.726123303028292,0.163658008747394
"Solyc01g109030",6.08488077261272,0.933197846967793,9.74248226569421,0.467579084589903,8.57129539350515,1.28217584784166
"Solyc01g109830",97.0524590809874,45.4567489141825,75.718969122942,37.4906618075635,65.4733611848713,34.5779480609501
"Solyc01g109880",35.8187214224124,185.245067978332,27.4546287361409,88.1197368031692,55.0556820309117,267.2124539303
"Solyc01g111350",0.371280860701793,0.587123797956686,0.47886777238158,0.490297616383537,0.174761879711894,0.582955374887329
"Solyc01g111620",4.49204004305873,10.8930491681084,6.58954797892601,13.1880979221683,4.36904699279735,10.6408320931636
"Solyc02g032120",62.5224653263345,57.4994335596515,87.5261892880047,70.2322957843037,45.4266150702392,73.0074870872665
"Solyc02g038760",56.2515482238943,53.0949062908469,71.4316470976916,81.8820124589002,37.7727904367391,45.3461067892895
"Solyc02g063150",0.296479109570458,0.527440824875532,0.882439719764378,0.440457327943157,0.956932798422436,0.528414118266529
"Solyc02g065780",0,0,0,0.217453732352235,0,0
"Solyc02g068230",51.1129984899469,29.7310890108608,26.2598322823437,21.2004923542848,38.8795091374333,19.2310043725957
"Solyc02g068560",14.5543330813161,21.9174941846759,17.4327073811552,24.5362519904729,8.3401444837414,19.3682656353257
"Solyc02g069490",1.87851191031429,1.12692014873834,1.01421738458253,0.551663391767438,1.21616343984123,0.984398726256379
"Solyc02g069800",10.3104924202604,57.3579687773788,19.1675011669614,102.075111827557,9.56422529197087,245.143785908302
"Solyc02g070940",0.960770648307272,1.04452671292185,1.62046010694576,1.42734667927444,1.22749415511926,1.63083770120211
"Solyc02g070990",0.213504588512727,0.0949569739019859,0.381284731046062,0,0.193814866597777,0
"Solyc02g071270",20.3929612685912,57.2189672951417,19.3753792809398,71.1391679589115,11.3282656343907,42.536208952144
"Solyc02g077780",15.0156134758012,22.8159695138649,18.7240132538312,24.5884254616344,12.7130625419428,23.5111598929611
"Solyc02g080260",99.2518072310053,75.7158107779129,82.9459182118588,103.315772234338,52.22667667101,77.7786884191383
"Solyc02g080330",104.790061788899,186.026836350518,184.132610001633,127.036066110168,115.421539306408,587.165109717979
"Solyc02g080530",9.41749610905813,43.6914601218788,22.9737825192646,44.0758604150132,19.1840307624491,18.61841619514
"Solyc02g080570",9.04097477065998,22.9513700860259,11.8099603630436,25.3387793074758,7.61087360953742,23.2937531221617
"Solyc02g082900",0.604562347730555,8.94641724309846,0.245375173689321,7.34853322620003,0.665222638903339,6.59100426557442
"Solyc02g084440",0.793869749545173,1.79254261701426,1.52677885851133,1.63300738360001,0.776093078720562,4.59457834507488
"Solyc02g084990",0.443946136276319,1.09692624744911,0.396408068670066,0.769461354026929,0.417930841465039,0.584013651597245
"Solyc02g087970",6.55294852435216,0.832699617294338,1.95041804727409,0,3.77690509267463,0.47670640496677
"Solyc02g088510",5.78124400751229,12.3267798635997,7.51553301449626,16.3565572391772,4.52776287157761,15.1636168352341
"Solyc02g089630",9.26625250544616,16.6014412669092,17.4456838471673,2.53246014208877,17.1143797697335,27.3102139863389
"Solyc02g090030",0.262521820698238,1.05081816111566,0.937643190677219,1.07252603583899,0.397186090254305,1.07782289828677
"Solyc02g090890",0.033711250817799,0.569741843411916,0.0903042784056463,0.300494037741988,0.122409389430175,0.28325075862984
"Solyc02g091560",4.97979459370462,3.91349916618298,5.13728158762715,5.99750228781019,3.33555165420601,2.93592436441438
"Solyc02g091840",0.557261549710267,8.23273722877867,0.67066422615312,20.7510604778211,0.410561184988693,9.05915036520574
"Solyc02g091890",4.52004836168408,19.8112671892095,12.3359559934781,21.3367053736526,3.57375705238828,21.8015157080213
"Solyc02g093490",5.17260479470977,19.7107614807371,10.2067978920693,27.2754466010777,6.10618531736985,25.8037889378133
"Solyc03g006050",0.40450299533038,4.24574002398224,0.0722377054545958,3.90611334040125,0.538558689140642,2.59540153815241
"Solyc03g006350",12.6133063851425,18.08949820094,13.9657040769963,14.3278728696613,8.03267701327243,13.8589628017987
"Solyc03g007270",11.9991972628817,18.0013668492733,9.80812887683171,20.9304169909209,8.99588919007511,24.920102920748
"Solyc03g007440",12.4919751910257,27.8564308836419,11.4641679927353,20.0405094008244,15.2774272544476,22.2975537367973
"Solyc03g034230",3.3388483522735,1.61224819518691,2.2998770479055,2.26755784508848,2.71340813236888,6.44874865464705
"Solyc03g078630",0.0815980180235423,1.59680520481156,0.145720888589443,0.545508932021554,0.0493819487691655,1.83867578180071
"Solyc03g096840",3.47235044089313,14.8256736209579,5.27089877177739,11.4349345152562,4.83325823578207,31.7395140160178
"Solyc03g098590",4.61555504758718,4.81517604783248,2.3405016567289,7.95749751807763,4.79338520239881,6.26765290704135
"Solyc03g098790",0,0.114292104334517,0,0,0,0
"Solyc03g111410",33.6696736084571,35.8430924155363,40.3875851360541,43.0900103065407,23.0359736444047,28.1197190629773
"Solyc03g111550",235.133644814864,50.7635350432509,297.586222842141,19.8582991383716,237.193785203605,665.755084817917
"Solyc03g111640",32.6335351144731,38.0452810789422,25.5182764689068,61.5099961929011,21.1516673227425,31.5641952296584
"Solyc03g112760",0.610756601782178,0.99962162259653,0.828941653587668,1.65138866831647,0.694887715000118,0.32656507739156
"Solyc03g113390",5.52809429668738,14.3627077780376,6.14354368111964,16.3367446177958,6.33001887836008,28.145540659913
"Solyc03g115080",21.5285727335374,48.1834392681132,22.7372103880593,38.1737663516822,31.1009660389455,48.0071200855088
"Solyc03g115900",0.50068708288501,0.890729901287143,1.14961668277616,0.212524050762385,0.562730317963991,0.737574078717476
"Solyc03g116880",10.3210954310368,18.8740125432859,9.40303017993946,24.2452887449777,7.70467733526883,14.3467079358242
"Solyc03g117280",2.18001633979432,11.4856815322469,3.36907841827364,12.7056332355886,3.09531498564521,12.777115790801
"Solyc03g117660",28.1117783016832,16.9893197929905,26.3599381191018,17.1902997542221,15.6661813894106,12.8611112852397
"Solyc03g120910",0.914160491660127,27.3168477739164,0.561186681610049,35.3742968487163,0.691546002884088,15.8748268484973
"Solyc03g121270",11.5065977276885,25.3903388234479,10.3185594779266,22.8905034988105,15.2422752479156,47.906921062617
"Solyc03g121600",34.0431655560271,73.8681594425378,90.4753393735513,88.2083480136049,41.4319833327037,105.201963480233
"Solyc03g123440",14.085136321703,17.0011538439299,18.3718113511129,15.3496029419644,7.97383080506309,19.7471986611653
"Solyc04g007130",13.2820515789288,24.7153603254997,25.3554346145631,55.6810156491391,30.2121948501933,34.342723924481
"Solyc04g007520",9.66559907341944,8.64619769290621,4.04711744809373,8.72114920808818,6.80787142954602,10.845070712994
"Solyc04g009030",0.224771321415773,0.299903688022895,0.50175662166022,0.292185522956136,0.20404256404357,0.30045710418585
"Solyc04g011580",8.8900395190212,15.2056080823332,8.82478906651739,19.8987365855478,6.16711051789308,18.5838097646475
"Solyc04g014250",28.1373757822411,42.174307192395,36.6758564470332,43.0028377543491,25.1314748660863,39.5758616906979
"Solyc04g016220",0,0.0744358204064684,0.224163960246629,0,0.101286354646383,0
"Solyc04g040180",0.841177413808222,8.16254921082062,1.16079637822506,2.32894118554265,2.86929513458756,11.4194505801993
"Solyc04g054410",20.9705516235018,22.9779700186264,23.9731962710094,22.0722021200067,12.2080253451213,15.8657657151339
"Solyc04g054980",101.653302318942,102.095504057676,140.271662083367,112.082475732219,112.688777142517,119.052751048245
"Solyc04g054990",1.75975894644575,1.13841374908972,1.21420391111992,1.66367418892583,1.16179728484527,0.733187879188327
"Solyc04g058200",6.34837510616997,11.7517144378276,7.89005971389729,11.9803210367835,6.90511817774034,13.3024130195636
"Solyc04g063230",10.0317673803949,37.3791735379698,25.8806334903538,33.0594734130991,10.975408038293,29.0158681331543
"Solyc04g063380",14.6640328331283,47.9117400696938,16.2016641810403,74.93458529835,12.1549052841816,56.1575630824894
"Solyc04g072860",11.5634219154712,4.04295428153579,11.8769670183556,3.67410645152846,5.82493891734897,2.61660199626964
"Solyc04g074080",24.0387256887151,29.9668953931342,17.3127220900673,16.5529095500341,46.4576830078606,27.0065715592374
"Solyc04g074640",0.764592348391128,0.736786572370383,0.568932713864543,0.89925331800711,0.269920180706852,0.243344892587749
"Solyc04g074700",0.0629160493475466,0.27982151098148,0,0,0.114227668792486,0.0961158408832556
"Solyc04g074770",4.82344886815328,10.5878326681179,1.1809380505413,9.0150955560384,6.21481972235722,11.8850090005414
"Solyc04g076010",11.1070909796735,7.52318206868916,9.28081697614392,4.39017236201078,14.9854130946736,16.5400300945782
"Solyc04g076990",0.187639495190701,1.66906751484107,0.167546924765836,1.01051324191658,0.227113456013254,5.17768519172126
"Solyc04g077780",0.0750557980762803,0,0,0,0.0908453824053017,0.22932308115582
"Solyc04g078540",12.3267466913501,30.216768333461,36.8599475720402,33.6447146587472,18.1583768005751,37.8634689783442
"Solyc04g081100",21.7454423400213,27.5068010576665,19.1696505661805,29.8469385512202,11.0770896697883,18.0102041190402
"Solyc04g082510",17.5710737595889,70.4727641118993,27.6901891831233,71.9803891468195,15.3493283853771,118.017537464239
"Solyc04g082630",0.949702684688719,0.253430318306972,0.593605492648635,0.0352725953815498,0.747170355289982,0.779829499429335
"Solyc04g082700",9.43473782506511,7.27511779985636,8.58857224268913,6.37113632220787,6.59960180055488,3.72031551966785
"Solyc05g005080",0.0339531011624465,4.89264956482787,1.15206040098055,7.11227109776368,0.904108887469264,10.9055852566297
"Solyc05g008390",6.50400534035285,14.0232143848581,7.25943978591226,11.7105602104013,5.7758438668267,24.0301566835635
"Solyc05g009520",6.77634449677326,71.7572586872962,25.2113696451622,78.8591018245098,22.4575635197955,178.265849844839
"Solyc05g011960",2.06866567667646,1.84009378009589,1.78658914282551,1.81373033449205,2.87327453507214,2.3313448188761
"Solyc05g012580",0,0,0,0,0,0
"Solyc05g013510",0,0.374958307202714,0.0342178604784928,0.56931206580747,0.208723702489914,0.600064641339749
"Solyc05g014640",4.2628917242998,11.2931913285923,6.4750484370614,14.0773052873705,2.91634183821643,11.0780760397078
"Solyc05g015420",3.71810429751432,3.59910091326064,2.09939092764996,2.721242246259,2.28323367235918,4.11388754260556
"Solyc05g045670",0.0586696493227122,0.0521870972271245,0,0.305064223692494,0.0710120585606181,0.0672215126838472
"Solyc05g051040",13.7158570371346,13.7254035031761,21.3846778730372,19.8194716886925,12.7103545722537,14.4055278904675
"Solyc05g053130",16.7392832182488,23.0113841350863,17.5312181888433,33.4237430685346,13.1279532512824,25.7774605458414
"Solyc05g054210",0.782096257496833,0.42811110267675,0.698348834723137,0.178754339306498,0.910218123499448,0.0689305341927585
"Solyc06g005250",11.6925159944323,14.6928849683374,9.11469871765341,13.5794881422185,8.19934004269202,17.4726139264903
"Solyc06g005500",5.98060697275037,9.4248339768389,7.65288407935405,11.8232803796026,6.61177614565065,13.2910568107837
"Solyc06g005710",0.368581204182058,0.450801685728303,0.946200642728424,0.581797519711468,0.501885116966013,0.369518363936518
"Solyc06g009400",15.566231358302,31.7568924046498,17.9101569959232,26.5196687716224,17.2474087832029,37.2971840975057
"Solyc06g053230",6.63413549722024,4.02348664639565,4.80182567036859,4.66659558366521,4.13654667495055,4.72192459362217
"Solyc06g053750",19.6498910109844,35.9307950468753,26.2354947938606,46.5383673637935,16.9359975203718,39.6397856560759
"Solyc06g062530",18.5690586495537,31.422388293949,16.9109629040247,35.2527152995675,13.9688088655517,27.6612876109973
"Solyc06g063370",1.59637417203128,1.61362149007208,2.5269044718091,3.93472711785223,1.36132656726173,0.498836301960542
"Solyc06g065100",13.209582943077,43.6429463975596,22.8078553455366,32.4405185143957,16.8042396045756,99.5618675265684
"Solyc06g065710",88.5029503060712,66.5358628639912,82.4517717521364,87.8810878391635,62.5954326418442,65.1202637573436
"Solyc06g069500",23.1804981813818,16.3142680489983,23.6352368993997,20.0342894262124,14.625663948641,17.2576001141686
"Solyc06g069730",0.0851032275889892,0.0756999652085762,0,0.189647460882618,0.10300650252749,0
"Solyc06g071490",31.0707438981827,18.4102848485604,33.7923662028597,21.3529611301864,18.4253788143429,16.0384848572447
"Solyc06g071500",2.03833464825146,1.06285999006134,1.8200683262929,1.38357628468173,1.08469161727122,0.711372212609755
"Solyc06g072840",0.608488077261272,0.108250950248264,0,0,0.368248246535777,0
"Solyc06g073670",19.2742933021227,22.3882647104364,22.8353727617589,25.3931817243738,13.6231864881926,21.9513354628342
"Solyc06g073970",8.16983060903869,11.5004035598947,6.0201450900499,12.7265100565475,4.46423851945606,8.45188471766851
"Solyc06g074200",0.292408458180474,0.260099537209788,0.348129537042057,0.144803286303204,0.766832733060771,0.521159004514586
"Solyc06g074820",2.73791696839324,3.6183054077473,5.93722298137153,6.91478907036321,2.36706861868727,6.90140863554164
"Solyc06g076480",1.39829330885797,7.5584312483952,0.960433129339513,5.8325374196446,1.4971709013197,7.2711269553028
"Solyc06g082950",0.743191544746592,1.07424607116598,0.580658807967095,0.414039494751365,0.618432169754739,0.28384045486571
"Solyc06g083390",0.94653700907309,1.3832065865056,0.784811071403145,2.56129431892025,0.654663549396936,5.6549297289183
"Solyc06g083580",6.02341733046512,0.675362434703964,5.78519720260977,0.225593711638147,3.98224485261505,0.599281982357958
"Solyc06g083680",1.03258582807973,0.918492911197391,0.829814223749339,1.61073910109637,0.874868561466815,1.26197186478476
"Solyc07g005760",3.46967669587279,0.414578107333777,6.01131884479004,0.269272494104257,4.51299978733207,0.0197782444613872
"Solyc07g006380",1.58825701522434,26.3288328146201,0.773555632308706,10.618007754806,3.66999947394977,9.42969707756937
"Solyc07g006560",0.601612505766795,1.07027775669188,0,0,1.09226174819934,0
"Solyc07g006970",25.2268304381118,36.8466077990305,27.9862564898824,30.6635374105038,26.6881875588071,74.0299246482614
"Solyc07g021750",18.0623576043305,13.7493051997285,21.5559964001485,12.2558785542865,17.3425779714097,55.9499519658131
"Solyc07g042550",1.99235642590154,18.6619728191993,6.81955169115996,18.902986337535,3.30666568646938,67.8489452295922
"Solyc07g043390",1.86155561617913,1.93184578226611,0.712379536517382,0.230464751717743,1.28752768820001,1.43886213934104
"Solyc07g043460",9.49671237579955,5.35280636989208,3.31635651415644,0.628599696501658,3.86945177375342,2.90877724421362
"Solyc07g043480",0.434951360843214,1.27121830707298,0.388376460179304,0.276932324352299,0.300830077403406,5.64797993368178
"Solyc07g043500",0.321222966880008,1.54294340851598,0.401556656791724,0.047721746692685,0.427678959023451,0.834236208691847
"Solyc07g047850",2.33274333879068,2.22869603452308,2.08295152513145,1.98950316384331,2.40519138710994,1.58386428262793
"Solyc07g053050",1.21350898599114,1.51119560175639,0.216713116363787,0,1.61567606742193,3.24425192269052
"Solyc07g055920",1.5828912820648,0.575997454868297,1.67037491548642,0.213780527413852,1.74171467956111,1.12664163656948
"Solyc07g061780",14.0159120297962,24.4484666981487,14.6375183791577,26.2005245746696,8.11846839861106,12.918086153964
"Solyc07g061790",1.53646288045933,2.80931824792589,1.37193734387416,1.14130526058217,2.1696389675655,1.49961899638594
"Solyc07g062500",7.83224056462868,7.2835116973011,16.757293204968,1.77559086410837,15.2355841701071,6.44877040605494
"Solyc07g062520",1.84634552040747,0.775548650183228,1.69443301758971,0.45716341563757,1.86230299271555,0.822684473110924
"Solyc07g063420",9.066012536525,32.4480178326031,7.23300496246669,21.3586671016197,12.4017104689757,49.0281880658589
"Solyc07g064940",2.03201523048718,7.92516131175364,1.74463999641489,6.96649938875232,3.16896197477577,9.28298254607652
"Solyc07g065090",1.81804364547575,1.30913242678287,0.695728388814232,0.450155744716974,1.51939825298298,1.95079015873978
"Solyc07g065110",6.22010034533745,6.97617234933257,4.82960659325012,3.61594492082859,2.61865419758775,0.2065727754856
"Solyc07g065500",1.70687001636131,2.07037336540396,0.554217150045096,3.11208374333608,0.56343994005474,1.30377899281895
"Solyc07g065660",0.924414274303436,4.52250422364408,1.84133790606594,5.04436389727444,1.18343551683033,2.43063563141811
"Solyc08g006820",57.1708353480147,55.7035334210845,66.8707328901412,45.1671697777278,45.1848781793765,57.4210344017323
"Solyc08g007770",2.74801067150252,1.16107874056606,2.94450208427185,0.663409249587503,2.07882074657293,2.78123587639685
"Solyc08g008610",12.2054919079536,12.5032072306715,10.6751888541643,6.35391378483825,12.8054381443621,88.1679412926612
"Solyc08g016080",5.44785630518145,8.07651571013812,7.3868272325705,10.8812364327634,3.80982553497933,8.38425173074667
"Solyc08g016160",0.965228740233161,0.417023731937307,1.23124480161362,0.0819411280213665,0.751040451011782,0.126391241718286
"Solyc08g060810",13.2529340387795,49.3930382939068,22.7004152831953,60.2736368674765,19.3185729334476,63.5130169654024
"Solyc08g062490",0,0,0,0,0,0
"Solyc08g065940",12.4900184279945,14.1011106244449,13.583268543516,32.1153002836749,8.62476156360109,19.1419575178597
"Solyc08g067030",2.04779641386005,42.0513306733641,2.19422030318335,62.3663577090027,1.52256486548446,19.328955013887
"Solyc08g067320",1.23461349009534,0.54909902299844,1.10241020063318,0,0.933962944112477,0.117881203402109
"Solyc08g074480",0.860488190066446,0.956763449163949,0,0,0.520755096111199,0.246478879840773
"Solyc08g075080",12.2249115220165,31.0962573598362,11.8350895708459,32.7865700714103,9.78657726694778,16.5788694283232
"Solyc08g076160",1.02412200981679,3.28499240644094,1.93976002515783,4.42607465718909,0.544658608719582,2.39421233226753
"Solyc08g076220",0.201748563212737,0.224321092876805,0.180145183762438,0,0.244190666737756,0.327471051724508
"Solyc08g076350",9.68660742071008,28.7689038341407,12.9259859342719,29.7007731099644,12.5385852737071,26.5748763712595
"Solyc08g076690",11.6377501115544,15.6658251315566,12.7469944510372,17.8080347535342,8.92113238420005,12.6822138392389
"Solyc08g078670",0.342514828096523,0.522290627274795,0.567985037316463,0.50884922780184,0.0296121507840372,0.934382887391787
"Solyc08g080580",12.8731312672854,15.2372499506587,13.4638731667939,14.9721018621304,8.44244023364381,6.87529166814129
"Solyc08g081220",9.4142059280783,58.4815193683564,18.0000743029511,45.6065125149552,10.4038423525783,192.84685201178
"Solyc09g007290",30.5249165060674,35.5288696939347,37.5982111755974,37.4689082965148,32.2954180125785,39.5218078842018
"Solyc09g007900",4.25589926870601,2.50291214446853,4.23986416965238,1.22795817398081,2.80975540709379,2.17617851631506
"Solyc09g009510",3.3235693747741,8.66155789460784,5.67503567348538,6.92994235340181,4.09332753165025,6.83662568560402
"Solyc09g010640",3.05439496542741,8.85786262836973,4.78216448526141,10.7847866069409,2.12701344757403,11.9689950354114
"Solyc09g011580",0.0931020008924351,0.248444803848475,0,0,0,0.711152177901246
"Solyc09g011810",0.0572502223229692,0.101849012330356,0,0,0.0692940248857644,0.218650619213589
"Solyc09g014160",12.7352252129834,5.62576908108402,11.2946936010327,2.3010558587091,7.21245808114011,1.77464793485356
"Solyc09g014520",2.82392256850535,1.13633594183261,7.02427588769665,1.4483757279562,3.17385229058459,3.00443553296046
"Solyc09g064280",14.7731662302167,31.7490445221807,15.4058336898611,23.709613531509,13.2476141348693,23.5159571283022
"Solyc09g064500",1.10754059566515,0.738874308303427,2.3075368446623,0.685580022908995,0.893690219111744,0.84598601444807
"Solyc09g065910",3.19956172081045,2.13452577954323,2.49983158171749,3.26793144253288,5.08286312119805,2.74945454695623
"Solyc09g066460",24.2597213754002,22.3600323463627,19.3461372305027,22.8219474511313,18.8591397078322,17.9362738583522
"Solyc09g066480",11.8221419662036,21.1275426407191,16.1708193964972,26.0730103302921,8.41869853809293,20.6511419820485
"Solyc09g072670",25.8169671629378,40.545432354678,25.2414263653969,39.7770200036292,28.7909195627882,37.65541189107
"Solyc09g074510",23.3899812019839,50.0680691370489,32.3422654861316,63.0602937674378,21.1565437046777,53.1810134222373
"Solyc09g075140",5.90073844929895,51.8760101862225,5.47350000758222,44.1293614329097,6.7607109148801,80.2987414593571
"Solyc09g075810",11.0165511423891,8.53215404966807,14.3313326082313,9.38251037149224,17.6447153133865,99.8181759269549
"Solyc09g075850",20.5860513261047,29.3545369592139,17.3336039495424,22.8703246582349,17.5127703466458,28.9661666102225
"Solyc09g090570",0.113282354809279,0.100765512199182,0,0,0.0685568544082563,0
"Solyc09g091960",2.05717950578734,9.47782313628763,2.30789404850822,8.69841858663719,0.574604075089881,5.01626490563871
"Solyc10g006130",5.50014748515444,7.28174560228562,9.93658924084231,8.83626179977256,5.88312513985085,11.4801424214126
"Solyc10g006230",0.690094489063189,0.341024595741606,1.3008638821153,0.113913656371738,0.324827436188174,0.204992335709158
"Solyc10g007600",0.0541221923866443,0.43327889870652,0,0,0.131015894574355,0.082681606452305
"Solyc10g007690",0.436863234956811,0.582889732106037,0.52011147927309,0.270423231258548,1.18972510419251,0.166847241738369
"Solyc10g054780",10.3928126932809,18.1250150127497,21.5557729432165,30.2110287693628,11.9848708862941,52.6314094544147
"Solyc10g075160",0,0,0,0.581876194156324,0,0
"Solyc10g077120",2.567733375677,4.70239056929516,5.93425065447222,5.60984362717201,2.1938193410642,3.11507350266849
"Solyc10g081980",0.753879033775028,1.89997980524239,1.23411407416015,1.49331058677287,3.57385466401978,35.5104085292724
"Solyc10g084440",5.05206869873367,4.49385335386454,2.64443183096671,3.49393450938959,2.42486575428466,5.8550075014937
"Solyc10g085740",0.813642128143058,47.4773986189139,0.871820101360337,37.5322649733569,0.443164078925577,65.0082748755973
"Solyc10g085750",287.242836172325,79.3840301820603,310.451453033527,42.8970244821144,184.537885342648,46.2699806663532
"Solyc11g010850",15.8065061375282,2.64949878230017,12.1635161857275,3.24507877510258,9.18131292528361,1.74431207271932
"Solyc11g011850",2.85641345933299,7.52276491863347,5.25112551189177,10.1512720657055,2.81331007544098,10.2247412244796
"Solyc11g012620",37.7359449505797,13.3997639564606,38.2685472034123,12.6446172960894,29.2645025628962,7.47935911240966
"Solyc11g013310",36.3276464036581,76.3142271153184,31.2482754951332,35.6647303758342,54.2295925246716,161.265507787676
"Solyc11g022590",0,0,0,0,0,0.479870385530708
"Solyc11g045270",4.64471692184565,6.57285819351293,4.14735733472408,9.56634746712396,2.68314707513057,7.45850588068361
"Solyc11g066040",2.90803538932094,11.8304376852646,2.32933962573547,11.3724372133489,1.65637765510068,9.19544399309582
"Solyc11g067260",9.90561986239281,2.80650611754758,12.8415121045333,2.61618753961758,7.41571404307189,2.60617978374275
"Solyc11g068950",0.514733116716484,0.0763098340118679,0.459615128964891,0,0.155754545362564,0
"Solyc11g069430",0.985976051117803,6.57774871300215,0.61627792465952,9.52115126722805,1.01438753096661,0.376564955312292
"Solyc11g072030",12.7576727309851,43.8058998347645,19.8433836113972,40.2499505076129,25.9019056500527,86.7605657039521
"Solyc11g072050",8.171542524372,11.5844092441937,9.16626323296257,14.9092693003589,6.30525774643992,11.5472695361375
"Solyc12g005270",233.360515244411,494.725834029347,285.010336456931,713.356151486271,201.179831528493,516.323216200587
"Solyc12g006460",0.465510004462176,0.93166801443178,0.207831431266911,0,0.774729917575268,1.64453941139663
"Solyc12g006620",21.9071553857737,16.6252598721129,29.0696096069308,23.0292846276079,15.0368034002109,12.7514307992625
"Solyc12g009600",0,0.598543958718679,0.480671746247642,0,0.0814451098183392,0.0513984393980759
"Solyc12g009680",6.04172558982824,31.3236792207743,5.24063694161183,18.849074587298,9.34984909644029,43.380282851976
"Solyc12g009930",0.481290004613436,0.672746018492036,0.491146433211877,0.408581346986281,0.624149570399621,0.525185022421017
"Solyc12g011340",9.7557188665202,23.089108611235,11.0443917646257,20.8989045654229,7.80174199204631,29.9071121809252
"Solyc12g013910",13.2965913179315,12.2283480836002,19.1171927649484,15.3175444562878,8.72884732529248,11.619718621065
"Solyc12g014170",17.0700264029421,21.0847767292678,16.4340779909205,35.0949260122205,9.59613664286962,13.7339998060565
"Solyc12g017460",0.230238731936698,20.3433767763855,1.0964512265757,37.6823809654817,0.557348697459554,4.45527229290565
"Solyc12g019550",0.458001778583753,0.203698024660712,1.2268758684466,0,0.831528298629173,0.174920495370871
"Solyc12g042920",15.202840576497,28.1341444029847,21.6106319637969,34.8521460446017,15.7572480466386,39.3425796019075
"Solyc12g042930",0.0745304731553614,0.331477100497746,0,0,0,0.113859010110173
"Solyc12g042990",15.5297630492944,18.5520988809314,14.2327042785932,29.7980646253467,9.52237890031907,21.6588425206114
"Solyc12g044280",0,0.706533008613378,0.354621463140743,1.32753222617833,0.120174252948738,0.985915519363092
"Solyc12g044330",0.342121810508346,32.6636736090478,7.63717910077203,54.6385251591067,4.00291266649332,35.2791456928721
"Solyc12g044630",1.27146762412803,5.46640370656656,1.51375729042168,1.25928430078608,1.15421092197781,0.161866727059612
"Solyc12g049520",7.02430096206872,6.91286770006458,5.20453657877875,8.32618896243425,4.79368770051836,3.93847304840309
"Solyc12g096090",10.628711666128,5.07993286081239,5.09941701745404,7.65947364514435,7.58440522660278,2.78700141227779
"Solyc12g096670",0.395076316830507,0.439279218398752,0.176385632101309,0.403518491164929,0.268981327904393,0.0565829776330122
"Solyc12g098450",43.7915917450683,12.7053575140784,30.7014599851035,6.73451589170384,32.9205058951261,2.97259468338089
"Solyc12g098600",0,0,0,0,0,0
"Solyc12g099500",0.473268504536545,0.631463876448207,1.05647644227346,0,0.716038257152899,2.07863855332385
